--
-- PostgreSQL database dump
--

-- Dumped from database version 15.7
-- Dumped by pg_dump version 16.3

SET statement_timeout = 0;
SET lock_timeout = 0;
SET idle_in_transaction_session_timeout = 0;
SET client_encoding = 'UTF8';
SET standard_conforming_strings = on;
SELECT pg_catalog.set_config('search_path', '', false);
SET check_function_bodies = false;
SET xmloption = content;
SET client_min_messages = warning;
SET row_security = off;

SET default_tablespace = '';

SET default_table_access_method = heap;

--
-- Name: accounts_baseuser; Type: TABLE; Schema: public; Owner: avnadmin
--

CREATE TABLE public.accounts_baseuser (
    id bigint NOT NULL,
    password character varying(128) NOT NULL,
    last_login timestamp with time zone,
    is_superuser boolean NOT NULL,
    username character varying(150) NOT NULL,
    first_name character varying(150) NOT NULL,
    last_name character varying(150) NOT NULL,
    email character varying(254) NOT NULL,
    is_staff boolean NOT NULL,
    is_active boolean NOT NULL,
    date_joined timestamp with time zone NOT NULL,
    amount integer NOT NULL,
    CONSTRAINT accounts_baseuser_amount_check CHECK ((amount >= 0))
);


ALTER TABLE public.accounts_baseuser OWNER TO avnadmin;

--
-- Name: accounts_baseuser_groups; Type: TABLE; Schema: public; Owner: avnadmin
--

CREATE TABLE public.accounts_baseuser_groups (
    id bigint NOT NULL,
    baseuser_id bigint NOT NULL,
    group_id integer NOT NULL
);


ALTER TABLE public.accounts_baseuser_groups OWNER TO avnadmin;

--
-- Name: accounts_baseuser_groups_id_seq; Type: SEQUENCE; Schema: public; Owner: avnadmin
--

ALTER TABLE public.accounts_baseuser_groups ALTER COLUMN id ADD GENERATED BY DEFAULT AS IDENTITY (
    SEQUENCE NAME public.accounts_baseuser_groups_id_seq
    START WITH 1
    INCREMENT BY 1
    NO MINVALUE
    NO MAXVALUE
    CACHE 1
);


--
-- Name: accounts_baseuser_id_seq; Type: SEQUENCE; Schema: public; Owner: avnadmin
--

ALTER TABLE public.accounts_baseuser ALTER COLUMN id ADD GENERATED BY DEFAULT AS IDENTITY (
    SEQUENCE NAME public.accounts_baseuser_id_seq
    START WITH 1
    INCREMENT BY 1
    NO MINVALUE
    NO MAXVALUE
    CACHE 1
);


--
-- Name: accounts_baseuser_user_permissions; Type: TABLE; Schema: public; Owner: avnadmin
--

CREATE TABLE public.accounts_baseuser_user_permissions (
    id bigint NOT NULL,
    baseuser_id bigint NOT NULL,
    permission_id integer NOT NULL
);


ALTER TABLE public.accounts_baseuser_user_permissions OWNER TO avnadmin;

--
-- Name: accounts_baseuser_user_permissions_id_seq; Type: SEQUENCE; Schema: public; Owner: avnadmin
--

ALTER TABLE public.accounts_baseuser_user_permissions ALTER COLUMN id ADD GENERATED BY DEFAULT AS IDENTITY (
    SEQUENCE NAME public.accounts_baseuser_user_permissions_id_seq
    START WITH 1
    INCREMENT BY 1
    NO MINVALUE
    NO MAXVALUE
    CACHE 1
);


--
-- Name: auth_group; Type: TABLE; Schema: public; Owner: avnadmin
--

CREATE TABLE public.auth_group (
    id integer NOT NULL,
    name character varying(150) NOT NULL
);


ALTER TABLE public.auth_group OWNER TO avnadmin;

--
-- Name: auth_group_id_seq; Type: SEQUENCE; Schema: public; Owner: avnadmin
--

ALTER TABLE public.auth_group ALTER COLUMN id ADD GENERATED BY DEFAULT AS IDENTITY (
    SEQUENCE NAME public.auth_group_id_seq
    START WITH 1
    INCREMENT BY 1
    NO MINVALUE
    NO MAXVALUE
    CACHE 1
);


--
-- Name: auth_group_permissions; Type: TABLE; Schema: public; Owner: avnadmin
--

CREATE TABLE public.auth_group_permissions (
    id bigint NOT NULL,
    group_id integer NOT NULL,
    permission_id integer NOT NULL
);


ALTER TABLE public.auth_group_permissions OWNER TO avnadmin;

--
-- Name: auth_group_permissions_id_seq; Type: SEQUENCE; Schema: public; Owner: avnadmin
--

ALTER TABLE public.auth_group_permissions ALTER COLUMN id ADD GENERATED BY DEFAULT AS IDENTITY (
    SEQUENCE NAME public.auth_group_permissions_id_seq
    START WITH 1
    INCREMENT BY 1
    NO MINVALUE
    NO MAXVALUE
    CACHE 1
);


--
-- Name: auth_permission; Type: TABLE; Schema: public; Owner: avnadmin
--

CREATE TABLE public.auth_permission (
    id integer NOT NULL,
    name character varying(255) NOT NULL,
    content_type_id integer NOT NULL,
    codename character varying(100) NOT NULL
);


ALTER TABLE public.auth_permission OWNER TO avnadmin;

--
-- Name: auth_permission_id_seq; Type: SEQUENCE; Schema: public; Owner: avnadmin
--

ALTER TABLE public.auth_permission ALTER COLUMN id ADD GENERATED BY DEFAULT AS IDENTITY (
    SEQUENCE NAME public.auth_permission_id_seq
    START WITH 1
    INCREMENT BY 1
    NO MINVALUE
    NO MAXVALUE
    CACHE 1
);


--
-- Name: authtoken_token; Type: TABLE; Schema: public; Owner: avnadmin
--

CREATE TABLE public.authtoken_token (
    key character varying(40) NOT NULL,
    created timestamp with time zone NOT NULL,
    user_id bigint NOT NULL
);


ALTER TABLE public.authtoken_token OWNER TO avnadmin;

--
-- Name: customers_address; Type: TABLE; Schema: public; Owner: avnadmin
--

CREATE TABLE public.customers_address (
    id bigint NOT NULL,
    area character varying(50) NOT NULL
);


ALTER TABLE public.customers_address OWNER TO avnadmin;

--
-- Name: customers_address_id_seq; Type: SEQUENCE; Schema: public; Owner: avnadmin
--

ALTER TABLE public.customers_address ALTER COLUMN id ADD GENERATED BY DEFAULT AS IDENTITY (
    SEQUENCE NAME public.customers_address_id_seq
    START WITH 1
    INCREMENT BY 1
    NO MINVALUE
    NO MAXVALUE
    CACHE 1
);


--
-- Name: customers_customer; Type: TABLE; Schema: public; Owner: avnadmin
--

CREATE TABLE public.customers_customer (
    id bigint NOT NULL,
    name character varying(100) NOT NULL,
    nick_name character varying(100) NOT NULL,
    phone character varying(20) NOT NULL,
    description text NOT NULL,
    collect_day smallint,
    is_active boolean NOT NULL,
    address_id bigint NOT NULL,
    CONSTRAINT customers_customer_collect_day_check CHECK ((collect_day >= 0))
);


ALTER TABLE public.customers_customer OWNER TO avnadmin;

--
-- Name: customers_customer_id_seq; Type: SEQUENCE; Schema: public; Owner: avnadmin
--

ALTER TABLE public.customers_customer ALTER COLUMN id ADD GENERATED BY DEFAULT AS IDENTITY (
    SEQUENCE NAME public.customers_customer_id_seq
    START WITH 1
    INCREMENT BY 1
    NO MINVALUE
    NO MAXVALUE
    CACHE 1
);


--
-- Name: customers_customervalue; Type: TABLE; Schema: public; Owner: avnadmin
--

CREATE TABLE public.customers_customervalue (
    id bigint NOT NULL,
    amount integer NOT NULL,
    created_at timestamp with time zone NOT NULL,
    customer_id bigint NOT NULL,
    CONSTRAINT customers_customervalue_amount_check CHECK ((amount >= 0))
);


ALTER TABLE public.customers_customervalue OWNER TO avnadmin;

--
-- Name: customers_customervalue_id_seq; Type: SEQUENCE; Schema: public; Owner: avnadmin
--

ALTER TABLE public.customers_customervalue ALTER COLUMN id ADD GENERATED BY DEFAULT AS IDENTITY (
    SEQUENCE NAME public.customers_customervalue_id_seq
    START WITH 1
    INCREMENT BY 1
    NO MINVALUE
    NO MAXVALUE
    CACHE 1
);


--
-- Name: customers_mainvalue; Type: TABLE; Schema: public; Owner: avnadmin
--

CREATE TABLE public.customers_mainvalue (
    id bigint NOT NULL,
    amount smallint NOT NULL,
    CONSTRAINT customers_mainvalue_amount_check CHECK ((amount >= 0))
);


ALTER TABLE public.customers_mainvalue OWNER TO avnadmin;

--
-- Name: customers_mainvalue_id_seq; Type: SEQUENCE; Schema: public; Owner: avnadmin
--

ALTER TABLE public.customers_mainvalue ALTER COLUMN id ADD GENERATED BY DEFAULT AS IDENTITY (
    SEQUENCE NAME public.customers_mainvalue_id_seq
    START WITH 1
    INCREMENT BY 1
    NO MINVALUE
    NO MAXVALUE
    CACHE 1
);


--
-- Name: customers_notes; Type: TABLE; Schema: public; Owner: avnadmin
--

CREATE TABLE public.customers_notes (
    id bigint NOT NULL,
    note_type integer NOT NULL,
    is_solved boolean NOT NULL,
    created_at timestamp with time zone NOT NULL,
    customer_id bigint NOT NULL
);


ALTER TABLE public.customers_notes OWNER TO avnadmin;

--
-- Name: customers_notes_id_seq; Type: SEQUENCE; Schema: public; Owner: avnadmin
--

ALTER TABLE public.customers_notes ALTER COLUMN id ADD GENERATED BY DEFAULT AS IDENTITY (
    SEQUENCE NAME public.customers_notes_id_seq
    START WITH 1
    INCREMENT BY 1
    NO MINVALUE
    NO MAXVALUE
    CACHE 1
);


--
-- Name: customers_record; Type: TABLE; Schema: public; Owner: avnadmin
--

CREATE TABLE public.customers_record (
    id bigint NOT NULL,
    amount integer NOT NULL,
    created_at timestamp with time zone NOT NULL,
    collector_id bigint NOT NULL,
    customer_id bigint,
    is_refund boolean NOT NULL
);


ALTER TABLE public.customers_record OWNER TO avnadmin;

--
-- Name: customers_record_id_seq; Type: SEQUENCE; Schema: public; Owner: avnadmin
--

ALTER TABLE public.customers_record ALTER COLUMN id ADD GENERATED BY DEFAULT AS IDENTITY (
    SEQUENCE NAME public.customers_record_id_seq
    START WITH 1
    INCREMENT BY 1
    NO MINVALUE
    NO MAXVALUE
    CACHE 1
);


--
-- Name: customers_version; Type: TABLE; Schema: public; Owner: avnadmin
--

CREATE TABLE public.customers_version (
    id bigint NOT NULL,
    version integer NOT NULL
);


ALTER TABLE public.customers_version OWNER TO avnadmin;

--
-- Name: customers_version_id_seq; Type: SEQUENCE; Schema: public; Owner: avnadmin
--

ALTER TABLE public.customers_version ALTER COLUMN id ADD GENERATED BY DEFAULT AS IDENTITY (
    SEQUENCE NAME public.customers_version_id_seq
    START WITH 1
    INCREMENT BY 1
    NO MINVALUE
    NO MAXVALUE
    CACHE 1
);


--
-- Name: django_admin_log; Type: TABLE; Schema: public; Owner: avnadmin
--

CREATE TABLE public.django_admin_log (
    id integer NOT NULL,
    action_time timestamp with time zone NOT NULL,
    object_id text,
    object_repr character varying(200) NOT NULL,
    action_flag smallint NOT NULL,
    change_message text NOT NULL,
    content_type_id integer,
    user_id bigint NOT NULL,
    CONSTRAINT django_admin_log_action_flag_check CHECK ((action_flag >= 0))
);


ALTER TABLE public.django_admin_log OWNER TO avnadmin;

--
-- Name: django_admin_log_id_seq; Type: SEQUENCE; Schema: public; Owner: avnadmin
--

ALTER TABLE public.django_admin_log ALTER COLUMN id ADD GENERATED BY DEFAULT AS IDENTITY (
    SEQUENCE NAME public.django_admin_log_id_seq
    START WITH 1
    INCREMENT BY 1
    NO MINVALUE
    NO MAXVALUE
    CACHE 1
);


--
-- Name: django_content_type; Type: TABLE; Schema: public; Owner: avnadmin
--

CREATE TABLE public.django_content_type (
    id integer NOT NULL,
    app_label character varying(100) NOT NULL,
    model character varying(100) NOT NULL
);


ALTER TABLE public.django_content_type OWNER TO avnadmin;

--
-- Name: django_content_type_id_seq; Type: SEQUENCE; Schema: public; Owner: avnadmin
--

ALTER TABLE public.django_content_type ALTER COLUMN id ADD GENERATED BY DEFAULT AS IDENTITY (
    SEQUENCE NAME public.django_content_type_id_seq
    START WITH 1
    INCREMENT BY 1
    NO MINVALUE
    NO MAXVALUE
    CACHE 1
);


--
-- Name: django_migrations; Type: TABLE; Schema: public; Owner: avnadmin
--

CREATE TABLE public.django_migrations (
    id bigint NOT NULL,
    app character varying(255) NOT NULL,
    name character varying(255) NOT NULL,
    applied timestamp with time zone NOT NULL
);


ALTER TABLE public.django_migrations OWNER TO avnadmin;

--
-- Name: django_migrations_id_seq; Type: SEQUENCE; Schema: public; Owner: avnadmin
--

ALTER TABLE public.django_migrations ALTER COLUMN id ADD GENERATED BY DEFAULT AS IDENTITY (
    SEQUENCE NAME public.django_migrations_id_seq
    START WITH 1
    INCREMENT BY 1
    NO MINVALUE
    NO MAXVALUE
    CACHE 1
);


--
-- Name: django_session; Type: TABLE; Schema: public; Owner: avnadmin
--

CREATE TABLE public.django_session (
    session_key character varying(40) NOT NULL,
    session_data text NOT NULL,
    expire_date timestamp with time zone NOT NULL
);


ALTER TABLE public.django_session OWNER TO avnadmin;

--
-- Data for Name: accounts_baseuser; Type: TABLE DATA; Schema: public; Owner: avnadmin
--

COPY public.accounts_baseuser (id, password, last_login, is_superuser, username, first_name, last_name, email, is_staff, is_active, date_joined, amount) FROM stdin;
1	pbkdf2_sha256$720000$vDq77rhXmnYKuJHy01kwrM$V+iH/SwDwGmpyw0g/C4rSPmpuG/q2A71FYYFz6kLKlA=	2024-07-27 09:16:26.066073+00	t	iti			iti@iti.com	t	t	2024-07-02 00:24:21.776971+00	0
\.


--
-- Data for Name: accounts_baseuser_groups; Type: TABLE DATA; Schema: public; Owner: avnadmin
--

COPY public.accounts_baseuser_groups (id, baseuser_id, group_id) FROM stdin;
\.


--
-- Data for Name: accounts_baseuser_user_permissions; Type: TABLE DATA; Schema: public; Owner: avnadmin
--

COPY public.accounts_baseuser_user_permissions (id, baseuser_id, permission_id) FROM stdin;
\.


--
-- Data for Name: auth_group; Type: TABLE DATA; Schema: public; Owner: avnadmin
--

COPY public.auth_group (id, name) FROM stdin;
\.


--
-- Data for Name: auth_group_permissions; Type: TABLE DATA; Schema: public; Owner: avnadmin
--

COPY public.auth_group_permissions (id, group_id, permission_id) FROM stdin;
\.


--
-- Data for Name: auth_permission; Type: TABLE DATA; Schema: public; Owner: avnadmin
--

COPY public.auth_permission (id, name, content_type_id, codename) FROM stdin;
1	Can add log entry	1	add_logentry
2	Can change log entry	1	change_logentry
3	Can delete log entry	1	delete_logentry
4	Can view log entry	1	view_logentry
5	Can add permission	2	add_permission
6	Can change permission	2	change_permission
7	Can delete permission	2	delete_permission
8	Can view permission	2	view_permission
9	Can add group	3	add_group
10	Can change group	3	change_group
11	Can delete group	3	delete_group
12	Can view group	3	view_group
13	Can add content type	4	add_contenttype
14	Can change content type	4	change_contenttype
15	Can delete content type	4	delete_contenttype
16	Can view content type	4	view_contenttype
17	Can add session	5	add_session
18	Can change session	5	change_session
19	Can delete session	5	delete_session
20	Can view session	5	view_session
21	Can add user	6	add_baseuser
22	Can change user	6	change_baseuser
23	Can delete user	6	delete_baseuser
24	Can view user	6	view_baseuser
25	Can add address	7	add_address
26	Can change address	7	change_address
27	Can delete address	7	delete_address
28	Can view address	7	view_address
29	Can add main value	8	add_mainvalue
30	Can change main value	8	change_mainvalue
31	Can delete main value	8	delete_mainvalue
32	Can view main value	8	view_mainvalue
33	Can add customer	9	add_customer
34	Can change customer	9	change_customer
35	Can delete customer	9	delete_customer
36	Can view customer	9	view_customer
37	Can add record	10	add_record
38	Can change record	10	change_record
39	Can delete record	10	delete_record
40	Can view record	10	view_record
41	Can add notes	11	add_notes
42	Can change notes	11	change_notes
43	Can delete notes	11	delete_notes
44	Can view notes	11	view_notes
45	Can add Token	12	add_token
46	Can change Token	12	change_token
47	Can delete Token	12	delete_token
48	Can view Token	12	view_token
49	Can add Token	13	add_tokenproxy
50	Can change Token	13	change_tokenproxy
51	Can delete Token	13	delete_tokenproxy
52	Can view Token	13	view_tokenproxy
53	Can add version	14	add_version
54	Can change version	14	change_version
55	Can delete version	14	delete_version
56	Can view version	14	view_version
57	Can add customer value	15	add_customervalue
58	Can change customer value	15	change_customervalue
59	Can delete customer value	15	delete_customervalue
60	Can view customer value	15	view_customervalue
\.


--
-- Data for Name: authtoken_token; Type: TABLE DATA; Schema: public; Owner: avnadmin
--

COPY public.authtoken_token (key, created, user_id) FROM stdin;
55c754cbcb7b0a0631b13a44d0641514d5171175	2024-07-03 10:54:42.096713+00	1
\.


--
-- Data for Name: customers_address; Type: TABLE DATA; Schema: public; Owner: avnadmin
--

COPY public.customers_address (id, area) FROM stdin;
13	سيدعون
15	الجامع الكبير
16	عزبة السقاية
17	الثانوى
18	الكنيسة
19	السوق القديم
20	الملعب الثلاثى
21	الجفار
22	المحطه
23	عزبة القطب
24	مدرسة حسنى مبارك
25	شارع البحر
\.


--
-- Data for Name: customers_customer; Type: TABLE DATA; Schema: public; Owner: avnadmin
--

COPY public.customers_customer (id, name, nick_name, phone, description, collect_day, is_active, address_id) FROM stdin;
11	محمد احمد عنان		0120000000		12	t	13
14	محمد على ديوان	ابو على			12	t	15
16	جمال عز البيار				12	t	13
19	ميمي   جرجس				13	t	18
18	عبدلله القهوجي				13	t	17
21	محمود عبده عيد				15	t	17
24	محمود كاتبة				18	t	19
20	ابرهيم  الدسوقى عيد				14	t	15
32	محمد جمال عنان	28			27	t	13
136	طارق				5	t	22
17	محمد احمد اسماعيل				12	t	17
22	عماد الشناوى				7	t	17
23	محمد عادل ديوان				16	t	19
25	عز الدين  خيال				1	t	17
26	منير خيال				2	t	16
28	عثمان  محمد عيد				6	t	17
29	عثمان احمد عثمان البيار				8	t	13
30	شريف ابراهيم محمد المناوى				9	t	20
31	احمد ابراهيم لشناوى				20	t	21
34	محمد اسماعيل  عبدالله				20	t	20
36	زياد عبد الله ديوان				19	t	17
38	محمد عبد الرحمن خيال				2	t	22
39	عبد الرحمن خيال				21	t	22
40	ابراهيم المناوى				1	t	16
41	محمود عبد الله عنان				6	t	17
137	سلمى				22	t	20
138	محمود				14	t	20
139	جوان				16	t	22
140	مرام				6	t	20
141	عبداللطيف				24	t	20
142	هاجر				24	t	20
144	رحمة				15	t	22
145	سعيد				20	t	20
146	حنان				8	t	22
42	أحمد				17	t	22
43	علي				26	t	20
44	فاطمة				10	t	22
45	محمد				19	t	21
46	خالد				11	t	21
47	ريم				24	t	22
48	عبدالله				11	t	20
49	نور				6	t	20
50	سارة				28	t	20
51	عمر				10	t	20
52	لينا				23	t	22
53	حسين				16	t	22
54	لمى				25	t	21
55	يوسف				9	t	21
56	رنا				28	t	20
57	زينب				18	t	20
58	مصطفى				12	t	20
59	جنان				5	t	21
60	عبدالرحمن				9	t	22
61	مريم				10	t	21
62	عماد				24	t	20
63	ناديا				1	t	21
35	عماد الدين عبد العال				18	t	15
\.


--
-- Data for Name: customers_customervalue; Type: TABLE DATA; Schema: public; Owner: avnadmin
--

COPY public.customers_customervalue (id, amount, created_at, customer_id) FROM stdin;
34	50	2024-07-15 01:19:50.987511+00	146
35	50	2024-07-15 01:19:51.385384+00	42
36	50	2024-07-15 01:19:51.787604+00	43
11	0	2024-07-15 01:19:29.498348+00	17
9	25	2024-07-15 01:19:28.633349+00	32
71	0	2024-07-15 01:20:00.243298+00	35
40	50	2024-07-15 01:19:52.988778+00	46
33	25	2024-07-15 01:19:50.585442+00	145
43	50	2024-07-15 01:19:53.790015+00	48
20	0	2024-07-15 01:19:45.372707+00	34
8	50	2024-07-15 01:19:28.208926+00	20
45	50	2024-07-15 01:19:54.196814+00	49
5	25	2024-07-15 01:19:26.936332+00	18
47	50	2024-07-15 01:19:54.59963+00	50
4	0	2024-07-15 01:19:26.517655+00	19
49	25	2024-07-15 01:19:55.000994+00	51
19	25	2024-07-15 01:19:33.072901+00	31
3	25	2024-07-15 01:19:26.095853+00	16
2	0	2024-07-15 01:19:25.67562+00	14
6	25	2024-07-15 01:19:27.363368+00	21
52	50	2024-07-15 01:19:55.807718+00	53
7	75	2024-07-15 01:19:27.784969+00	24
10	75	2024-07-15 01:19:29.06788+00	136
12	75	2024-07-15 01:19:29.923243+00	22
13	75	2024-07-15 01:19:30.35716+00	23
15	75	2024-07-15 01:19:31.19626+00	26
16	75	2024-07-15 01:19:31.615934+00	28
56	25	2024-07-15 01:19:56.608127+00	55
17	75	2024-07-15 01:19:32.055433+00	29
21	50	2024-07-15 01:19:45.773387+00	36
25	50	2024-07-15 01:19:47.374716+00	41
27	50	2024-07-15 01:19:48.174455+00	138
28	50	2024-07-15 01:19:48.576003+00	139
29	50	2024-07-15 01:19:48.975438+00	140
23	0	2024-07-15 01:19:46.57319+00	39
32	50	2024-07-15 01:19:50.183436+00	144
57	50	2024-07-15 01:19:57.012364+00	56
14	0	2024-07-15 01:19:30.775981+00	25
59	50	2024-07-15 01:19:57.417804+00	57
61	50	2024-07-15 01:19:57.822134+00	58
63	25	2024-07-15 01:19:58.222893+00	59
50	0	2024-07-15 01:19:55.400271+00	52
22	25	2024-07-15 01:19:46.172834+00	38
64	50	2024-07-15 01:19:58.622769+00	60
42	0	2024-07-15 01:19:53.389229+00	47
68	25	2024-07-15 01:19:59.423479+00	62
66	50	2024-07-15 01:19:59.029526+00	61
30	25	2024-07-15 01:19:49.376013+00	141
31	25	2024-07-15 01:19:49.782512+00	142
26	25	2024-07-15 01:19:47.775186+00	137
70	25	2024-07-15 01:19:59.844001+00	63
24	0	2024-07-15 01:19:46.974253+00	40
1	0	2024-07-15 01:19:25.2459+00	11
54	0	2024-07-15 01:19:56.211063+00	54
18	0	2024-07-15 01:19:32.6501+00	30
38	25	2024-07-15 01:19:52.58833+00	45
37	0	2024-07-15 01:19:52.187971+00	44
\.


--
-- Data for Name: customers_mainvalue; Type: TABLE DATA; Schema: public; Owner: avnadmin
--

COPY public.customers_mainvalue (id, amount) FROM stdin;
1	25
11	25
\.


--
-- Data for Name: customers_notes; Type: TABLE DATA; Schema: public; Owner: avnadmin
--

COPY public.customers_notes (id, note_type, is_solved, created_at, customer_id) FROM stdin;
11	1	f	2024-07-08 22:40:04.484109+00	11
12	1	f	2024-07-09 10:17:54.275434+00	11
13	2	f	2024-07-14 12:59:17.538557+00	11
14	1	f	2024-07-20 11:55:34.356926+00	11
15	1	f	2024-07-21 21:13:28.455279+00	137
16	1	f	2024-07-21 21:15:57.498652+00	137
17	1	f	2024-07-21 21:15:58.069978+00	137
18	1	f	2024-07-21 21:16:03.293254+00	137
19	1	f	2024-07-21 21:16:03.307516+00	137
20	1	f	2024-07-21 21:16:19.23091+00	137
21	1	f	2024-07-21 21:18:37.893882+00	137
22	1	f	2024-07-21 21:18:39.385563+00	137
23	2	f	2024-07-21 21:27:06.341845+00	39
\.


--
-- Data for Name: customers_record; Type: TABLE DATA; Schema: public; Owner: avnadmin
--

COPY public.customers_record (id, amount, created_at, collector_id, customer_id, is_refund) FROM stdin;
12	-25	2024-07-08 11:31:40.294703+00	1	11	t
13	-25	2024-07-08 11:33:38.395994+00	1	14	t
14	-25	2024-07-08 12:06:25.440588+00	1	16	t
15	-25	2024-07-08 12:24:18.049439+00	1	16	t
16	-25	2024-07-08 22:15:47.35919+00	1	11	t
17	-25	2024-07-08 22:24:51.04393+00	1	11	t
18	25	2024-07-08 22:27:01.182929+00	1	11	f
19	25	2024-07-08 22:30:10.99663+00	1	11	f
20	-25	2024-07-08 22:30:25.530746+00	1	11	t
21	-25	2024-07-10 21:06:51.445219+00	1	11	t
22	-25	2024-07-11 11:49:21.857603+00	1	14	t
23	-25	2024-07-11 11:49:29.173872+00	1	14	t
24	-25	2024-07-11 11:49:31.737954+00	1	14	t
25	25	2024-07-11 11:49:51.774506+00	1	14	f
26	-25	2024-07-11 11:50:00.018061+00	1	14	t
27	25	2024-07-11 11:50:14.175188+00	1	14	f
28	25	2024-07-11 11:50:16.898143+00	1	14	f
29	25	2024-07-11 11:50:19.754171+00	1	14	f
30	25	2024-07-11 11:52:58.716576+00	1	14	f
31	25	2024-07-11 11:53:10.391121+00	1	14	f
32	-25	2024-07-13 05:46:32.894001+00	1	11	t
33	-25	2024-07-13 05:46:52.411383+00	1	11	t
34	25	2024-07-13 05:51:07.971994+00	1	19	f
35	25	2024-07-13 06:47:58.092728+00	1	18	f
36	25	2024-07-13 07:05:22.390232+00	1	21	f
37	25	2024-07-13 07:05:22.398857+00	1	21	f
38	25	2024-07-13 07:05:22.520002+00	1	21	f
39	25	2024-07-13 07:07:45.769499+00	1	24	f
40	25	2024-07-13 07:09:13.623851+00	1	35	f
41	25	2024-07-14 09:40:47.367222+00	1	20	f
42	25	2024-07-15 01:31:42.323426+00	1	11	f
43	25	2024-07-15 11:17:22.511912+00	1	21	f
44	-25	2024-07-16 08:13:06.706575+00	1	35	t
45	25	2024-07-16 08:13:47.466976+00	1	35	f
46	25	2024-07-16 08:13:52.093232+00	1	35	f
47	25	2024-07-16 08:14:14.832635+00	1	35	f
48	25	2024-07-20 11:17:08.761588+00	1	31	f
49	25	2024-07-20 11:17:45.062454+00	1	34	f
50	25	2024-07-20 11:17:51.584322+00	1	145	f
51	25	2024-07-20 11:30:16.777968+00	1	34	f
52	-25	2024-07-20 11:53:55.861563+00	1	11	t
53	25	2024-07-21 07:45:16.060744+00	1	39	f
54	25	2024-07-21 07:47:37.860077+00	1	39	f
55	-25	2024-07-21 13:16:14.005155+00	1	11	t
56	-25	2024-07-21 13:16:25.091413+00	1	11	t
57	-25	2024-07-21 13:16:27.511804+00	1	11	t
58	-25	2024-07-21 13:16:29.963958+00	1	11	t
59	-25	2024-07-21 13:16:32.742439+00	1	11	t
60	25	2024-07-21 13:16:43.649207+00	1	11	f
61	25	2024-07-21 13:16:47.610914+00	1	11	f
62	25	2024-07-21 13:16:50.192351+00	1	11	f
63	25	2024-07-21 13:16:54.785432+00	1	11	f
64	25	2024-07-21 13:16:58.396079+00	1	11	f
65	-25	2024-07-21 13:17:30.375274+00	1	39	t
66	25	2024-07-21 13:19:07.129346+00	1	39	f
67	25	2024-07-22 21:20:31.239166+00	1	25	f
68	25	2024-07-22 21:24:06.721373+00	1	25	f
69	25	2024-07-22 21:50:36.952706+00	1	25	f
70	25	2024-07-22 21:53:23.889009+00	1	52	f
71	25	2024-07-22 21:53:23.917276+00	1	52	f
72	25	2024-07-22 21:53:23.934933+00	1	52	f
73	25	2024-07-22 21:54:34.774896+00	1	52	f
74	25	2024-07-23 20:56:32.29332+00	1	38	f
75	25	2024-07-23 21:20:24.430928+00	1	47	f
76	25	2024-07-24 00:25:34.123985+00	1	62	f
77	25	2024-07-24 00:25:40.879189+00	1	141	f
78	25	2024-07-24 00:25:46.824767+00	1	142	f
79	25	2024-07-24 00:28:47.47482+00	1	137	f
80	25	2024-07-24 00:29:31.819274+00	1	54	f
81	25	2024-07-25 16:09:46.645594+00	1	14	f
82	25	2024-07-25 16:10:36.956961+00	1	40	f
83	25	2024-07-26 11:14:29.197706+00	1	40	f
84	25	2024-07-26 12:54:14.620933+00	1	11	f
85	25	2024-07-26 12:54:22.367391+00	1	11	f
86	25	2024-07-26 12:54:33.610407+00	1	11	f
87	25	2024-07-26 12:54:54.82588+00	1	11	f
88	25	2024-07-26 12:55:08.320028+00	1	32	f
89	25	2024-07-26 16:16:33.877284+00	1	17	f
90	25	2024-07-26 16:17:27.271121+00	1	54	f
92	25	2024-07-26 22:31:02.154563+00	1	30	f
93	25	2024-07-26 22:31:02.156615+00	1	30	f
91	25	2024-07-26 22:31:02.154764+00	1	30	f
94	25	2024-07-26 22:31:02.160892+00	1	30	f
95	25	2024-07-26 22:31:04.47491+00	1	30	f
96	25	2024-07-26 22:31:04.582587+00	1	30	f
97	25	2024-07-26 22:31:04.698495+00	1	30	f
98	25	2024-07-26 22:31:04.794114+00	1	30	f
99	25	2024-07-26 22:31:04.796254+00	1	30	f
100	25	2024-07-26 22:31:04.797266+00	1	30	f
101	25	2024-07-26 22:31:04.978759+00	1	30	f
102	25	2024-07-27 06:41:35.292209+00	1	45	f
103	25	2024-07-27 06:48:28.598345+00	1	44	f
104	25	2024-07-27 07:41:14.169998+00	1	14	f
105	25	2024-07-27 07:42:24.123933+00	1	16	f
106	25	2024-07-27 07:48:01.131286+00	1	17	f
107	25	2024-07-27 07:48:10.368536+00	1	17	f
108	25	2024-07-27 07:50:47.225919+00	1	18	f
109	25	2024-07-27 08:39:13.030083+00	1	14	f
110	25	2024-07-27 09:01:59.40984+00	1	32	f
111	25	2024-07-27 09:02:15.518983+00	1	19	f
112	25	2024-07-27 09:02:15.74792+00	1	19	f
113	25	2024-07-27 09:18:00.771032+00	1	20	f
114	25	2024-07-27 09:47:16.999619+00	1	18	f
115	25	2024-07-27 09:55:50.131481+00	1	19	f
116	25	2024-07-27 09:56:10.599196+00	1	19	f
117	25	2024-07-27 10:06:14.084543+00	1	31	f
118	25	2024-07-27 10:23:26.325481+00	1	16	f
119	25	2024-07-27 10:39:50.21808+00	1	14	f
120	25	2024-07-27 10:40:13.142446+00	1	21	f
\.


--
-- Data for Name: customers_version; Type: TABLE DATA; Schema: public; Owner: avnadmin
--

COPY public.customers_version (id, version) FROM stdin;
1	82
\.


--
-- Data for Name: django_admin_log; Type: TABLE DATA; Schema: public; Owner: avnadmin
--

COPY public.django_admin_log (id, action_time, object_id, object_repr, action_flag, change_message, content_type_id, user_id) FROM stdin;
1	2024-07-02 00:24:52.486521+00	1	Away project.	1	[{"added": {}}]	7	1
2	2024-07-02 11:29:55.965427+00	10	Default 50	3		8	1
3	2024-07-02 11:29:56.058853+00	9	Default 50	3		8	1
4	2024-07-02 11:29:56.151267+00	8	Default 50	3		8	1
5	2024-07-02 11:29:56.24342+00	7	Default 50	3		8	1
6	2024-07-02 11:29:56.335522+00	6	Default 50	3		8	1
7	2024-07-02 11:29:56.427558+00	5	Default 50	3		8	1
8	2024-07-02 11:29:56.519697+00	4	Default 50	3		8	1
9	2024-07-02 11:29:56.611776+00	3	Default 50	3		8	1
10	2024-07-02 11:29:56.703642+00	2	Default 50	3		8	1
11	2024-07-02 11:36:49.060528+00	10	zjohnson | Sometimes course shake defense until hotel. Write southern maintain industry figure suddenly. | Eat against wide establish within perform. | -18936	3		10	1
12	2024-07-02 11:36:49.153281+00	9	teresa73 | Back add kitchen step point degree. Federal to government social production. | Another yes six site. Federal or its note. | 11036	3		10	1
13	2024-07-02 11:36:49.244974+00	8	terri83 | Back add kitchen step point degree. Federal to government social production. | Another yes six site. Federal or its note. | -17879	3		10	1
14	2024-07-02 11:36:49.336879+00	7	zjohnson | Sometimes course shake defense until hotel. Write southern maintain industry figure suddenly. | Eat against wide establish within perform. | -31740	3		10	1
15	2024-07-02 11:36:49.428646+00	6	jason21 | Machine table very number front memory head. Hear indeed method price operation. | Blue cause item medical. | -22660	3		10	1
16	2024-07-02 11:36:49.520599+00	5	poolejessica | I sound industry trade structure affect suffer. Since analysis score have issue no develop. | Blue cause item medical. | 1566	3		10	1
17	2024-07-02 11:36:49.614173+00	4	kmiller | I sound industry trade structure affect suffer. Since analysis score have issue no develop. | Blue cause item medical. | 30112	3		10	1
18	2024-07-02 11:36:49.705759+00	3	kmiller | Us computer site family traditional. Think class government picture approach especially. | Meet hope modern computer myself. | -21421	3		10	1
19	2024-07-02 11:36:49.797244+00	2	jason21 | Outside would support much yeah what full. But pressure left use away suggest. | Eat against wide establish within perform. | -30900	3		10	1
20	2024-07-02 11:36:49.88905+00	1	kmiller | Wind public institution several on. Alone pretty people decision rate much meet character. | Eat against wide establish within perform. | 21314	3		10	1
21	2024-07-02 11:41:27.333399+00	21	jason21	3		6	1
22	2024-07-02 11:41:27.425475+00	20	kmiller	3		6	1
23	2024-07-02 11:41:27.517138+00	19	michaelaustin	3		6	1
24	2024-07-02 11:41:27.608788+00	18	teresa73	3		6	1
25	2024-07-02 11:41:27.700419+00	17	kristieknight	3		6	1
26	2024-07-02 11:41:27.791959+00	16	ramseyrobert	3		6	1
27	2024-07-02 11:41:27.883476+00	15	zjohnson	3		6	1
28	2024-07-02 11:41:27.977083+00	14	terri83	3		6	1
29	2024-07-02 11:41:28.068309+00	13	poolejessica	3		6	1
30	2024-07-02 11:41:28.159502+00	12	bscott	3		6	1
31	2024-07-02 11:41:28.250872+00	11	eingram	3		6	1
32	2024-07-02 11:41:28.342145+00	10	markkane	3		6	1
33	2024-07-02 11:41:28.433818+00	9	joshuakrueger	3		6	1
34	2024-07-02 11:41:28.525219+00	8	martinjason	3		6	1
35	2024-07-02 11:41:28.616587+00	7	roberthawkins	3		6	1
36	2024-07-02 11:41:28.707975+00	6	kathryn04	3		6	1
37	2024-07-02 11:41:28.799299+00	5	morrisbrandi	3		6	1
38	2024-07-02 11:41:28.890795+00	4	xmosley	3		6	1
39	2024-07-02 11:41:28.982201+00	3	peterskaren	3		6	1
40	2024-07-02 11:41:29.073636+00	2	stephanie76	3		6	1
41	2024-07-02 11:58:33.077272+00	10	I sound industry trade structure affect suffer. Since analysis score have issue no develop. | Blue cause item medical.	3		11	1
42	2024-07-02 11:58:33.168825+00	9	Wind public institution several on. Alone pretty people decision rate much meet character. | Eat against wide establish within perform.	3		11	1
43	2024-07-02 11:58:33.25834+00	8	Outside would support much yeah what full. But pressure left use away suggest. | Eat against wide establish within perform.	3		11	1
44	2024-07-02 11:58:33.347848+00	7	Machine table very number front memory head. Hear indeed method price operation. | Blue cause item medical.	3		11	1
45	2024-07-02 11:58:33.438926+00	6	Condition itself process statement quite. Writer area author daughter. | Memory many decision sign rest opportunity.	3		11	1
46	2024-07-02 11:58:33.529383+00	5	Quite minute plan drug art what then industry. Discussion field success. | Meet hope modern computer myself.	3		11	1
47	2024-07-02 11:58:33.618922+00	4	Back add kitchen step point degree. Federal to government social production. | Another yes six site. Federal or its note.	3		11	1
48	2024-07-02 11:58:33.709523+00	3	Us computer site family traditional. Think class government picture approach especially. | Meet hope modern computer myself.	3		11	1
49	2024-07-02 11:58:33.79809+00	2	Condition itself process statement quite. Writer area author daughter. | Memory many decision sign rest opportunity.	3		11	1
50	2024-07-02 11:58:33.889001+00	1	Outside would support much yeah what full. But pressure left use away suggest. | Eat against wide establish within perform.	3		11	1
51	2024-07-02 11:59:40.776213+00	10	Once thought officer walk ten when him. Those hope democratic court. Town clear price herself. | Eat against wide establish within perform.	3		9	1
52	2024-07-02 11:59:40.855212+00	9	Condition itself process statement quite. Writer area author daughter. | Memory many decision sign rest opportunity.	3		9	1
53	2024-07-02 11:59:40.964562+00	8	Us computer site family traditional. Think class government picture approach especially. | Meet hope modern computer myself.	3		9	1
54	2024-07-02 11:59:41.047473+00	7	I sound industry trade structure affect suffer. Since analysis score have issue no develop. | Blue cause item medical.	3		9	1
55	2024-07-02 11:59:41.12492+00	6	Wind public institution several on. Alone pretty people decision rate much meet character. | Eat against wide establish within perform.	3		9	1
56	2024-07-02 11:59:41.204475+00	5	Outside would support much yeah what full. But pressure left use away suggest. | Eat against wide establish within perform.	3		9	1
57	2024-07-02 11:59:41.286066+00	4	Machine table very number front memory head. Hear indeed method price operation. | Blue cause item medical.	3		9	1
58	2024-07-02 11:59:41.365555+00	3	Sometimes course shake defense until hotel. Write southern maintain industry figure suddenly. | Eat against wide establish within perform.	3		9	1
59	2024-07-02 11:59:41.444754+00	2	Back add kitchen step point degree. Federal to government social production. | Another yes six site. Federal or its note.	3		9	1
131	2024-07-02 23:40:23.196683+00	128	حازم | الملعب الثلاثى	3		9	1
60	2024-07-02 11:59:41.520759+00	1	Quite minute plan drug art what then industry. Discussion field success. | Meet hope modern computer myself.	3		9	1
61	2024-07-02 12:00:21.435701+00	11	Eat against wide establish within perform.	3		7	1
62	2024-07-02 12:00:21.517319+00	10	Another yes six site. Federal or its note.	3		7	1
63	2024-07-02 12:00:21.605836+00	9	Forget these ten. Into night design support head.	3		7	1
64	2024-07-02 12:00:21.686838+00	8	Meet hope modern computer myself.	3		7	1
65	2024-07-02 12:00:21.768388+00	7	Listen reflect real heavy.	3		7	1
66	2024-07-02 12:00:21.847894+00	6	Property may relate evening thing whom.	3		7	1
67	2024-07-02 12:00:21.928+00	5	South loss economy responsibility line.	3		7	1
68	2024-07-02 12:00:22.008425+00	4	Change whom issue organization.	3		7	1
69	2024-07-02 12:00:22.097961+00	3	Blue cause item medical.	3		7	1
70	2024-07-02 12:00:22.176961+00	2	Memory many decision sign rest opportunity.	3		7	1
71	2024-07-02 12:00:22.257597+00	1	Away project.	3		7	1
72	2024-07-02 19:41:35.782182+00	1	Default 25	2	[{"changed": {"fields": ["Amount"]}}]	8	1
73	2024-07-02 20:32:21.446053+00	12	سيدعون	1	[{"added": {}}]	7	1
74	2024-07-02 20:32:22.771218+00	13	سيدعون	1	[{"added": {}}]	7	1
75	2024-07-02 20:32:41.410614+00	11	محمد احمد عنان | سيدعون	1	[{"added": {}}]	9	1
76	2024-07-02 20:33:23.982739+00	12	محمد عادل ابو عوف | سيدعون	1	[{"added": {}}]	9	1
77	2024-07-02 20:34:34.98821+00	13	مينا  هانى جرجس | سيدعون	1	[{"added": {}}]	9	1
78	2024-07-02 20:35:13.747798+00	14	الجامع الكبير	1	[{"added": {}}]	7	1
79	2024-07-02 20:35:15.160553+00	15	الجامع الكبير	1	[{"added": {}}]	7	1
80	2024-07-02 20:36:16.704016+00	14	محمد على ديوان | الجامع الكبير	1	[{"added": {}}]	9	1
81	2024-07-02 20:37:04.223767+00	15	هشام جمال الامين | سيدعون	1	[{"added": {}}]	9	1
82	2024-07-02 20:37:36.036254+00	1	Default 25	2	[]	8	1
83	2024-07-02 20:38:10.766346+00	16	جمال عز البيار | سيدعون	1	[{"added": {}}]	9	1
84	2024-07-02 20:39:06.092411+00	16	عزبة السقاية	1	[{"added": {}}]	7	1
85	2024-07-02 20:39:40.855392+00	14	الجامع الكبير	3		7	1
86	2024-07-02 20:40:01.199801+00	17	الثانوى	1	[{"added": {}}]	7	1
87	2024-07-02 20:40:20.424336+00	17	محمد احمد اسماعيل | الثانوى	1	[{"added": {}}]	9	1
88	2024-07-02 20:41:01.66907+00	18	عبدلله القهوجي | الثانوى	1	[{"added": {}}]	9	1
89	2024-07-02 20:41:45.102857+00	18	الكنيسة	1	[{"added": {}}]	7	1
90	2024-07-02 20:42:03.019097+00	19	ميمي   جرجس | الكنيسة	1	[{"added": {}}]	9	1
91	2024-07-02 20:42:40.40405+00	20	ابرهيم  الدسوقى عيد | الجامع الكبير	1	[{"added": {}}]	9	1
92	2024-07-02 20:42:49.251858+00	11	Default 25	1	[{"added": {}}]	8	1
93	2024-07-02 20:44:56.198159+00	21	محمود عبده عيد | الثانوى	1	[{"added": {}}]	9	1
94	2024-07-02 20:45:22.360486+00	22	عماد الشناوى | الثانوى	1	[{"added": {}}]	9	1
95	2024-07-02 20:46:37.484141+00	19	السوق القديم	1	[{"added": {}}]	7	1
96	2024-07-02 20:46:42.626396+00	23	محمد عادل ديوان | السوق القديم	1	[{"added": {}}]	9	1
97	2024-07-02 20:47:26.613565+00	24	محمود كاتبة | السوق القديم	1	[{"added": {}}]	9	1
98	2024-07-02 20:48:26.404088+00	25	عز الدين  خيال | الثانوى	1	[{"added": {}}]	9	1
99	2024-07-02 20:49:06.837747+00	26	منير خيال | عزبة السقاية	1	[{"added": {}}]	9	1
100	2024-07-02 20:49:36.909395+00	27	احمد فتحى عنان | سيدعون	1	[{"added": {}}]	9	1
101	2024-07-02 20:51:07.57992+00	28	عثمان  محمد عيد | الثانوى	1	[{"added": {}}]	9	1
102	2024-07-02 20:52:38.916759+00	29	عثمان احمد عثمان البيار | سيدعون	1	[{"added": {}}]	9	1
103	2024-07-02 20:53:12.138109+00	20	الملعب الثلاثى	1	[{"added": {}}]	7	1
104	2024-07-02 20:53:22.075127+00	30	شريف ابراهيم محمد المناوى | الملعب الثلاثى	1	[{"added": {}}]	9	1
105	2024-07-02 20:54:07.135622+00	21	الجفار	1	[{"added": {}}]	7	1
106	2024-07-02 20:54:15.850524+00	31	احمد ابراهيم لشناوى | الجفار	1	[{"added": {}}]	9	1
107	2024-07-02 20:55:16.561473+00	32	محمد جمال عنان | سيدعون	1	[{"added": {}}]	9	1
108	2024-07-02 20:57:32.350816+00	33	ابراهيم   جمال ابراهيم | سيدعون	1	[{"added": {}}]	9	1
109	2024-07-02 20:58:22.189299+00	34	محمد اسماعيل  عبدالله | الملعب الثلاثى	1	[{"added": {}}]	9	1
110	2024-07-02 20:58:52.345995+00	35	عماد الدين عبد العال | الجامع الكبير	1	[{"added": {}}]	9	1
111	2024-07-02 21:00:21.935733+00	36	زياد عبد الله ديوان | الثانوى	1	[{"added": {}}]	9	1
112	2024-07-02 21:01:03.315035+00	22	المحطه	1	[{"added": {}}]	7	1
113	2024-07-02 21:01:16.993897+00	37	محمد  عبد الرحمن خيال | المحطه	1	[{"added": {}}]	9	1
114	2024-07-02 21:07:25.408752+00	37	محمد  عبد الرحمن خيال | المحطه	3		9	1
115	2024-07-02 21:08:07.298167+00	38	محمد عبد الرحمن خيال | المحطه	1	[{"added": {}}]	9	1
116	2024-07-02 21:09:31.517605+00	39	عبد الرحمن خيال | المحطه	1	[{"added": {}}]	9	1
117	2024-07-02 21:10:08.460963+00	40	ابراهيم المناوى | عزبة السقاية	1	[{"added": {}}]	9	1
118	2024-07-02 21:10:58.918264+00	41	محمود عبد الله عنان | الثانوى	1	[{"added": {}}]	9	1
119	2024-07-02 21:13:09.095362+00	11	iti | محمد احمد عنان | سيدعون | 25	1	[{"added": {}}]	10	1
120	2024-07-02 21:14:21.397451+00	11	iti | محمد احمد عنان | سيدعون | 25	3		10	1
121	2024-07-02 21:17:48.749329+00	23	عزبة القطب	1	[{"added": {}}]	7	1
122	2024-07-02 21:18:10.153187+00	24	مدرسة حسنى مبارك	1	[{"added": {}}]	7	1
123	2024-07-02 21:18:25.322035+00	25	شارع البحر	1	[{"added": {}}]	7	1
124	2024-07-02 23:40:22.638741+00	135	ليلى | المحطه	3		9	1
125	2024-07-02 23:40:22.720185+00	134	عبدالغني | المحطه	3		9	1
126	2024-07-02 23:40:22.799554+00	133	ريما | المحطه	3		9	1
127	2024-07-02 23:40:22.879569+00	132	أنس | المحطه	3		9	1
128	2024-07-02 23:40:22.959569+00	131	ملك | الجفار	3		9	1
129	2024-07-02 23:40:23.039153+00	130	عبدالكريم | المحطه	3		9	1
130	2024-07-02 23:40:23.117363+00	129	آية | المحطه	3		9	1
132	2024-07-02 23:40:23.276167+00	127	نوران | الجفار	3		9	1
133	2024-07-02 23:40:23.355253+00	126	سمير | الجفار	3		9	1
134	2024-07-02 23:40:23.433639+00	124	عبدالرزاق | الجفار	3		9	1
135	2024-07-02 23:40:23.513429+00	123	رنيم | الجفار	3		9	1
136	2024-07-02 23:40:23.592305+00	122	جمال | الملعب الثلاثى	3		9	1
137	2024-07-02 23:40:23.671772+00	121	سناء | الجفار	3		9	1
138	2024-07-02 23:40:23.751771+00	120	مي | الملعب الثلاثى	3		9	1
139	2024-07-02 23:40:23.830651+00	119	عبدالحليم | الملعب الثلاثى	3		9	1
140	2024-07-02 23:40:23.909074+00	118	مريانا | الجفار	3		9	1
141	2024-07-02 23:40:23.988552+00	117	عبدالرؤوف | المحطه	3		9	1
142	2024-07-02 23:40:24.067468+00	115	ناصر | الجفار	3		9	1
143	2024-07-02 23:40:24.149875+00	114	شيماء | الجفار	3		9	1
144	2024-07-02 23:40:24.230248+00	113	نورهان | المحطه	3		9	1
145	2024-07-02 23:40:24.311118+00	112	يزن | المحطه	3		9	1
146	2024-07-02 23:40:24.390597+00	110	مجد | الملعب الثلاثى	3		9	1
147	2024-07-02 23:40:24.470836+00	109	رغد | المحطه	3		9	1
148	2024-07-02 23:40:24.550836+00	107	لبنى | المحطه	3		9	1
149	2024-07-02 23:40:24.63054+00	106	ياسر | الجفار	3		9	1
150	2024-07-02 23:40:24.710801+00	105	علياء | المحطه	3		9	1
151	2024-07-02 23:40:24.791206+00	104	سهى | الملعب الثلاثى	3		9	1
152	2024-07-02 23:40:24.871374+00	103	حسام | الملعب الثلاثى	3		9	1
153	2024-07-02 23:40:24.950375+00	102	ميس | الجفار	3		9	1
154	2024-07-02 23:40:25.03077+00	100	جميلة | المحطه	3		9	1
155	2024-07-02 23:40:25.109884+00	99	فادي | الجفار	3		9	1
156	2024-07-02 23:40:25.190273+00	98	داليا | الجفار	3		9	1
157	2024-07-02 23:40:25.270679+00	97	سامر | الجفار	3		9	1
158	2024-07-02 23:40:25.351238+00	96	شهد | المحطه	3		9	1
159	2024-07-02 23:40:25.432713+00	95	عبدالقادر | المحطه	3		9	1
160	2024-07-02 23:40:25.512122+00	94	أحلام | الملعب الثلاثى	3		9	1
161	2024-07-02 23:40:25.59097+00	93	رباب | المحطه	3		9	1
162	2024-07-02 23:40:25.671446+00	92	ريان | الملعب الثلاثى	3		9	1
163	2024-07-02 23:40:25.750446+00	91	خلود | المحطه	3		9	1
164	2024-07-02 23:40:25.829614+00	90	ندى | الملعب الثلاثى	3		9	1
165	2024-07-02 23:40:25.911024+00	89	عبدالحميد | الملعب الثلاثى	3		9	1
166	2024-07-02 23:40:25.991371+00	88	زينة | الملعب الثلاثى	3		9	1
167	2024-07-02 23:40:26.071274+00	87	عبدالوهاب | المحطه	3		9	1
168	2024-07-02 23:40:26.152574+00	86	سمية | الملعب الثلاثى	3		9	1
169	2024-07-02 23:40:26.232924+00	85	رامي | الجفار	3		9	1
170	2024-07-02 23:40:26.311825+00	84	فرح | الجفار	3		9	1
171	2024-07-02 23:40:26.392213+00	83	عبدالمجيد | الملعب الثلاثى	3		9	1
172	2024-07-02 23:40:26.472674+00	82	دانا | الجفار	3		9	1
173	2024-07-02 23:40:26.552687+00	81	سليمان | المحطه	3		9	1
174	2024-07-02 23:40:26.656326+00	80	إيمان | المحطه	3		9	1
175	2024-07-02 23:40:26.735862+00	79	حنان | الجفار	3		9	1
176	2024-07-02 23:40:26.815776+00	78	سعيد | الجفار	3		9	1
177	2024-07-02 23:40:26.895114+00	77	رحمة | الملعب الثلاثى	3		9	1
178	2024-07-02 23:40:26.974422+00	75	هاجر | المحطه	3		9	1
179	2024-07-02 23:40:27.054983+00	74	عبداللطيف | الملعب الثلاثى	3		9	1
180	2024-07-02 23:40:27.134541+00	73	مرام | الجفار	3		9	1
181	2024-07-02 23:40:27.213838+00	72	جوان | الملعب الثلاثى	3		9	1
182	2024-07-02 23:40:27.293258+00	71	محمود | المحطه	3		9	1
183	2024-07-02 23:40:27.372804+00	70	سلمى | الجفار	3		9	1
184	2024-07-02 23:40:27.451221+00	69	طارق | الجفار	3		9	1
185	2024-07-02 23:40:27.532568+00	68	أسماء | الجفار	3		9	1
186	2024-07-02 23:40:27.613449+00	67	صفاء | الجفار	3		9	1
187	2024-07-02 23:40:27.693577+00	66	عبدالعزيز | الجفار	3		9	1
188	2024-07-02 23:40:27.77329+00	65	نورا | المحطه	3		9	1
189	2024-07-02 23:40:27.852385+00	64	محسن | الملعب الثلاثى	3		9	1
190	2024-07-02 23:47:31.861181+00	205	ليلى | المحطه	3		9	1
191	2024-07-02 23:47:31.948182+00	204	عبدالغني | المحطه	3		9	1
192	2024-07-02 23:47:32.035595+00	203	ريما | الجفار	3		9	1
193	2024-07-02 23:47:32.123959+00	202	أنس | الجفار	3		9	1
194	2024-07-02 23:47:32.212283+00	201	ملك | المحطه	3		9	1
195	2024-07-02 23:47:32.299185+00	200	عبدالكريم | الملعب الثلاثى	3		9	1
196	2024-07-02 23:47:32.390367+00	199	آية | الملعب الثلاثى	3		9	1
197	2024-07-02 23:47:32.476778+00	198	حازم | الملعب الثلاثى	3		9	1
198	2024-07-02 23:47:32.564087+00	197	نوران | الجفار	3		9	1
199	2024-07-02 23:47:32.652086+00	196	سمير | الملعب الثلاثى	3		9	1
200	2024-07-02 23:47:32.741519+00	194	عبدالرزاق | الجفار	3		9	1
201	2024-07-02 23:47:32.828751+00	193	رنيم | الملعب الثلاثى	3		9	1
202	2024-07-02 23:47:32.916018+00	192	جمال | الجفار	3		9	1
203	2024-07-02 23:47:33.004399+00	191	سناء | المحطه	3		9	1
204	2024-07-02 23:47:33.090136+00	189	مي | الجفار	3		9	1
205	2024-07-02 23:47:33.180552+00	188	عبدالحليم | الجفار	3		9	1
206	2024-07-02 23:47:33.271321+00	187	مريانا | الجفار	3		9	1
207	2024-07-02 23:47:33.361586+00	186	عبدالرؤوف | الملعب الثلاثى	3		9	1
208	2024-07-02 23:47:33.451119+00	184	ناصر | الملعب الثلاثى	3		9	1
209	2024-07-02 23:47:33.541546+00	183	شيماء | الجفار	3		9	1
210	2024-07-02 23:47:33.627862+00	181	نورهان | المحطه	3		9	1
211	2024-07-02 23:47:33.71392+00	180	يزن | المحطه	3		9	1
212	2024-07-02 23:47:33.802524+00	178	مجد | الجفار	3		9	1
213	2024-07-02 23:47:33.891195+00	177	رغد | الجفار	3		9	1
214	2024-07-02 23:47:33.981529+00	175	لبنى | الملعب الثلاثى	3		9	1
215	2024-07-02 23:47:34.069034+00	174	ياسر | المحطه	3		9	1
216	2024-07-02 23:47:34.155793+00	173	علياء | المحطه	3		9	1
217	2024-07-02 23:47:34.243311+00	172	سهى | الملعب الثلاثى	3		9	1
218	2024-07-02 23:47:34.330686+00	171	حسام | الجفار	3		9	1
219	2024-07-02 23:47:34.417825+00	170	ميس | الملعب الثلاثى	3		9	1
220	2024-07-02 23:47:34.50432+00	168	جميلة | الملعب الثلاثى	3		9	1
221	2024-07-02 23:47:34.593077+00	167	فادي | الملعب الثلاثى	3		9	1
222	2024-07-02 23:47:34.682656+00	166	داليا | الجفار	3		9	1
223	2024-07-02 23:47:34.776134+00	165	سامر | الجفار	3		9	1
224	2024-07-02 23:47:34.86622+00	164	شهد | المحطه	3		9	1
225	2024-07-02 23:47:34.954223+00	163	عبدالقادر | الجفار	3		9	1
226	2024-07-02 23:47:35.051199+00	162	أحلام | المحطه	3		9	1
227	2024-07-02 23:47:35.164253+00	161	رباب | الجفار	3		9	1
228	2024-07-02 23:47:35.254252+00	160	ريان | المحطه	3		9	1
229	2024-07-02 23:47:35.343066+00	158	خلود | المحطه	3		9	1
230	2024-07-02 23:47:35.432993+00	157	ندى | الملعب الثلاثى	3		9	1
231	2024-07-02 23:47:35.519442+00	156	عبدالحميد | الملعب الثلاثى	3		9	1
232	2024-07-02 23:47:35.606833+00	155	زينة | الجفار	3		9	1
233	2024-07-02 23:47:35.693296+00	154	عبدالوهاب | الجفار	3		9	1
234	2024-07-02 23:47:35.782619+00	153	سمية | الملعب الثلاثى	3		9	1
235	2024-07-02 23:47:35.869833+00	152	رامي | الملعب الثلاثى	3		9	1
236	2024-07-02 23:47:35.962184+00	151	فرح | الملعب الثلاثى	3		9	1
237	2024-07-02 23:47:36.049186+00	150	عبدالمجيد | الملعب الثلاثى	3		9	1
238	2024-07-02 23:47:36.135615+00	149	دانا | المحطه	3		9	1
239	2024-07-02 23:47:36.22394+00	148	سليمان | الجفار	3		9	1
240	2024-07-02 23:53:18.679352+00	12	سيدعون	3		7	1
241	2024-07-03 10:58:08.538161+00	218	سليمان | المحطه	2	[{"changed": {"fields": ["Amount"]}}]	9	1
242	2024-07-03 11:56:24.605553+00	275	ليلى | الملعب الثلاثى	2	[]	9	1
243	2024-07-03 11:57:51.61606+00	274	عبدالغني | الجفار	2	[]	9	1
244	2024-07-03 11:58:58.670506+00	274	عبدالغني | الجفار	2	[]	9	1
245	2024-07-03 11:59:30.773346+00	274	عبدالغني | الجفار	2	[]	9	1
246	2024-07-03 12:00:40.405948+00	274	عبدالغني | الجفار	2	[]	9	1
250	2024-07-03 12:02:43.716111+00	274	عبدالغني | الجفار	3		9	1
251	2024-07-08 22:07:11.913363+00	275	ليلى | الملعب الثلاثى	3		9	1
252	2024-07-08 22:07:12.0147+00	273	ريما | المحطه	3		9	1
253	2024-07-08 22:07:12.10729+00	272	أنس | الملعب الثلاثى	3		9	1
254	2024-07-08 22:07:12.196906+00	271	ملك | الملعب الثلاثى	3		9	1
255	2024-07-08 22:07:12.285508+00	270	عبدالكريم | المحطه	3		9	1
256	2024-07-08 22:07:12.372907+00	269	آية | المحطه	3		9	1
257	2024-07-08 22:07:12.461479+00	268	حازم | المحطه	3		9	1
258	2024-07-08 22:07:12.550358+00	267	نوران | الملعب الثلاثى	3		9	1
259	2024-07-08 22:07:12.639375+00	266	سمير | المحطه	3		9	1
260	2024-07-08 22:07:12.725392+00	264	عبدالرزاق | المحطه	3		9	1
261	2024-07-08 22:07:12.809958+00	263	رنيم | الجفار	3		9	1
262	2024-07-08 22:07:12.900077+00	262	جمال | الملعب الثلاثى	3		9	1
263	2024-07-08 22:07:12.98577+00	261	سناء | الملعب الثلاثى	3		9	1
264	2024-07-08 22:07:13.076322+00	259	مي | المحطه	3		9	1
265	2024-07-08 22:07:13.166428+00	258	عبدالحليم | الجفار	3		9	1
266	2024-07-08 22:07:13.255027+00	257	مريانا | المحطه	3		9	1
267	2024-07-08 22:07:13.338197+00	256	عبدالرؤوف | الجفار	3		9	1
268	2024-07-08 22:07:13.418791+00	254	ناصر | الملعب الثلاثى	3		9	1
269	2024-07-08 22:07:13.498033+00	253	شيماء | الجفار	3		9	1
270	2024-07-08 22:07:13.576584+00	251	نورهان | الملعب الثلاثى	3		9	1
271	2024-07-08 22:07:13.683195+00	250	يزن | الملعب الثلاثى	3		9	1
272	2024-07-08 22:07:13.768667+00	248	مجد | الملعب الثلاثى	3		9	1
273	2024-07-08 22:07:13.856429+00	247	رغد | الملعب الثلاثى	3		9	1
274	2024-07-08 22:07:13.94222+00	245	لبنى | الملعب الثلاثى	3		9	1
275	2024-07-08 22:07:14.032389+00	244	ياسر | المحطه	3		9	1
276	2024-07-08 22:07:14.121121+00	243	علياء | المحطه	3		9	1
277	2024-07-08 22:07:14.20981+00	242	سهى | الملعب الثلاثى	3		9	1
278	2024-07-08 22:07:14.296217+00	241	حسام | الملعب الثلاثى	3		9	1
279	2024-07-08 22:07:14.380216+00	240	ميس | الملعب الثلاثى	3		9	1
280	2024-07-08 22:07:14.466019+00	238	جميلة | الجفار	3		9	1
281	2024-07-08 22:07:14.554113+00	237	فادي | الجفار	3		9	1
282	2024-07-08 22:07:14.639589+00	236	داليا | الجفار	3		9	1
283	2024-07-08 22:07:14.725746+00	235	سامر | المحطه	3		9	1
284	2024-07-08 22:07:14.817341+00	234	شهد | المحطه	3		9	1
285	2024-07-08 22:07:14.907616+00	233	عبدالقادر | المحطه	3		9	1
286	2024-07-08 22:07:15.293467+00	232	أحلام | المحطه	3		9	1
287	2024-07-08 22:07:15.391577+00	231	رباب | المحطه	3		9	1
288	2024-07-08 22:07:15.48043+00	230	ريان | الملعب الثلاثى	3		9	1
289	2024-07-08 22:07:15.575558+00	228	خلود | الملعب الثلاثى	3		9	1
290	2024-07-08 22:07:15.662301+00	227	ندى | المحطه	3		9	1
291	2024-07-08 22:07:15.745303+00	226	عبدالحميد | المحطه	3		9	1
292	2024-07-08 22:07:15.829025+00	225	زينة | الملعب الثلاثى	3		9	1
293	2024-07-08 22:07:15.914586+00	224	عبدالوهاب | الجفار	3		9	1
294	2024-07-08 22:07:15.999794+00	223	سمية | المحطه	3		9	1
295	2024-07-08 22:07:16.088335+00	222	رامي | المحطه	3		9	1
296	2024-07-08 22:07:16.176965+00	221	فرح | الملعب الثلاثى	3		9	1
297	2024-07-08 22:07:16.266752+00	220	عبدالمجيد | المحطه	3		9	1
298	2024-07-08 22:07:16.352933+00	219	دانا | المحطه	3		9	1
299	2024-07-08 22:07:16.74191+00	218	سليمان | المحطه	3		9	1
300	2024-07-08 22:07:16.828495+00	147	إيمان | الملعب الثلاثى	3		9	1
\.


--
-- Data for Name: django_content_type; Type: TABLE DATA; Schema: public; Owner: avnadmin
--

COPY public.django_content_type (id, app_label, model) FROM stdin;
1	admin	logentry
2	auth	permission
3	auth	group
4	contenttypes	contenttype
5	sessions	session
6	accounts	baseuser
7	customers	address
8	customers	mainvalue
9	customers	customer
10	customers	record
11	customers	notes
12	authtoken	token
13	authtoken	tokenproxy
14	customers	version
15	customers	customervalue
\.


--
-- Data for Name: django_migrations; Type: TABLE DATA; Schema: public; Owner: avnadmin
--

COPY public.django_migrations (id, app, name, applied) FROM stdin;
1	contenttypes	0001_initial	2024-07-02 00:23:16.57335+00
2	contenttypes	0002_remove_content_type_name	2024-07-02 00:23:17.157113+00
3	auth	0001_initial	2024-07-02 00:23:18.43593+00
4	auth	0002_alter_permission_name_max_length	2024-07-02 00:23:18.670994+00
5	auth	0003_alter_user_email_max_length	2024-07-02 00:23:18.827241+00
6	auth	0004_alter_user_username_opts	2024-07-02 00:23:19.056112+00
7	auth	0005_alter_user_last_login_null	2024-07-02 00:23:19.291216+00
8	auth	0006_require_contenttypes_0002	2024-07-02 00:23:19.523207+00
9	auth	0007_alter_validators_add_error_messages	2024-07-02 00:23:19.755893+00
10	auth	0008_alter_user_username_max_length	2024-07-02 00:23:19.991368+00
11	auth	0009_alter_user_last_name_max_length	2024-07-02 00:23:20.224955+00
12	auth	0010_alter_group_name_max_length	2024-07-02 00:23:20.716699+00
13	auth	0011_update_proxy_permissions	2024-07-02 00:23:20.875816+00
14	auth	0012_alter_user_first_name_max_length	2024-07-02 00:23:21.105343+00
15	accounts	0001_initial	2024-07-02 00:23:22.707017+00
16	admin	0001_initial	2024-07-02 00:23:23.348526+00
17	admin	0002_logentry_remove_auto_add	2024-07-02 00:23:23.431934+00
18	admin	0003_logentry_add_action_flag_choices	2024-07-02 00:23:23.665025+00
19	authtoken	0001_initial	2024-07-02 00:23:24.285386+00
20	authtoken	0002_auto_20160226_1747	2024-07-02 00:23:24.380387+00
21	authtoken	0003_tokenproxy	2024-07-02 00:23:24.610596+00
22	authtoken	0004_alter_tokenproxy_options	2024-07-02 00:23:24.927182+00
23	customers	0001_initial	2024-07-02 00:23:26.245573+00
24	customers	0002_alter_customer_name	2024-07-02 00:23:26.566897+00
25	customers	0003_alter_record_amount	2024-07-02 00:23:27.157845+00
26	customers	0004_alter_record_amount	2024-07-02 00:23:27.477447+00
27	customers	0005_alter_record_amount	2024-07-02 00:23:27.797065+00
28	customers	0006_alter_record_amount	2024-07-02 00:23:28.107424+00
29	customers	0007_record_is_refund	2024-07-02 00:23:28.506092+00
30	customers	0008_rename_is_refund_record_is_refund_notes	2024-07-02 00:23:29.423587+00
31	customers	0009_alter_notes_note	2024-07-02 00:23:29.663721+00
32	customers	0010_remove_notes_note_alter_notes_note_type	2024-07-02 00:23:29.977422+00
33	customers	0011_notes1_delete_notes	2024-07-02 00:23:30.614389+00
34	customers	0012_notes_delete_notes1	2024-07-02 00:23:31.235716+00
35	sessions	0001_initial	2024-07-02 00:23:31.78916+00
36	customers	0013_alter_address_area_alter_record_customer	2024-07-02 23:53:40.396638+00
37	customers	0014_alter_customer_address	2024-07-02 23:53:40.572876+00
38	customers	0015_version	2024-07-03 11:51:27.456467+00
39	customers	0016_alter_customer_description_alter_customer_nick_name_and_more	2024-07-04 20:49:26.066441+00
40	customers	0017_remove_customer_amount_customervalue	2024-07-15 01:12:16.452991+00
\.


--
-- Data for Name: django_session; Type: TABLE DATA; Schema: public; Owner: avnadmin
--

COPY public.django_session (session_key, session_data, expire_date) FROM stdin;
29jq023vjj6jvs0946yrft2zsx3pz8zl	.eJxVjMsOwiAQRf-FtSE8OjB16d5vIAMMUjU0Ke3K-O_apAvd3nPOfYlA21rD1nkJUxZnocXpd4uUHtx2kO_UbrNMc1uXKcpdkQft8jpnfl4O9--gUq_f2mqXPGsyQGMsynChDAZsBFAjlqFoixgRjY8MmIrzhp23Pg3glIYs3h_beDdS:1sORK2:XPr-SsQbieeiQH_nTaLcFlndlcMneCKK1DUs5Q7nIk4	2024-07-16 00:24:38.126477+00
yirh2npdn815cfzebt77rdinr3i8vm69	.eJxVjMsOwiAQRf-FtSE8OjB16d5vIAMMUjU0Ke3K-O_apAvd3nPOfYlA21rD1nkJUxZnocXpd4uUHtx2kO_UbrNMc1uXKcpdkQft8jpnfl4O9--gUq_f2mqXPGsyQGMsynChDAZsBFAjlqFoixgRjY8MmIrzhp23Pg3glIYs3h_beDdS:1sObfo:--N5gFo9hZUqD5m2WVhJnL2PVb9PhL12XulU2-cWKnU	2024-07-16 11:27:48.837611+00
79ptr4y0uaef1o15u81mtrmet6ip81aj	.eJxVjMsOwiAQRf-FtSE8OjB16d5vIAMMUjU0Ke3K-O_apAvd3nPOfYlA21rD1nkJUxZnocXpd4uUHtx2kO_UbrNMc1uXKcpdkQft8jpnfl4O9--gUq_f2mqXPGsyQGMsynChDAZsBFAjlqFoixgRjY8MmIrzhp23Pg3glIYs3h_beDdS:1sObgy:irjHOBg6-JVO8ka4A276sx24de8Zl-wKqKn1b-HDvTQ	2024-07-16 11:29:00.720861+00
h9q8yuhje24ecde1ailjuwl3qj5we4tz	.eJxVjMsOwiAQRf-FtSE8OjB16d5vIAMMUjU0Ke3K-O_apAvd3nPOfYlA21rD1nkJUxZnocXpd4uUHtx2kO_UbrNMc1uXKcpdkQft8jpnfl4O9--gUq_f2mqXPGsyQGMsynChDAZsBFAjlqFoixgRjY8MmIrzhp23Pg3glIYs3h_beDdS:1sOcDP:M94WGKk_fa2f0E5-z7YneVALkbQgneHexsL0Sx7qsEg	2024-07-16 12:02:31.403185+00
ex7bhp270hq6bhtvnku7p3m8gyu1zsyd	.eJxVjMsOwiAQRf-FtSE8OjB16d5vIAMMUjU0Ke3K-O_apAvd3nPOfYlA21rD1nkJUxZnocXpd4uUHtx2kO_UbrNMc1uXKcpdkQft8jpnfl4O9--gUq_f2mqXPGsyQGMsynChDAZsBFAjlqFoixgRjY8MmIrzhp23Pg3glIYs3h_beDdS:1sOdtw:UM3OhVus3JSgzkfpV9m2cyR9ezGc8QP_lumDNwjj4jE	2024-07-16 13:50:32.928679+00
6sdi8grmp8vtlaqwedn2a9gycr6omu05	.eJxVjMsOwiAQRf-FtSE8OjB16d5vIAMMUjU0Ke3K-O_apAvd3nPOfYlA21rD1nkJUxZnocXpd4uUHtx2kO_UbrNMc1uXKcpdkQft8jpnfl4O9--gUq_f2mqXPGsyQGMsynChDAZsBFAjlqFoixgRjY8MmIrzhp23Pg3glIYs3h_beDdS:1sOjN8:38EGBD0QqxMRzmXofiJpjpoOpm8j-6jKDFwC2cGMl1U	2024-07-16 19:41:02.883875+00
q8l0tgvlzzx6p9e8tk1tgaiem2tyge7o	.eJxVjMsOwiAQRf-FtSE8OjB16d5vIAMMUjU0Ke3K-O_apAvd3nPOfYlA21rD1nkJUxZnocXpd4uUHtx2kO_UbrNMc1uXKcpdkQft8jpnfl4O9--gUq_f2mqXPGsyQGMsynChDAZsBFAjlqFoixgRjY8MmIrzhp23Pg3glIYs3h_beDdS:1sOk8m:xxyw3D_d29uGrSnYTu26ocWHy_94XAXAJ3gOWLoB93o	2024-07-16 20:30:16.699915+00
ztq5nsraxpyagpc4sc224qqczlzbi30u	.eJxVjMsOwiAQRf-FtSE8OjB16d5vIAMMUjU0Ke3K-O_apAvd3nPOfYlA21rD1nkJUxZnocXpd4uUHtx2kO_UbrNMc1uXKcpdkQft8jpnfl4O9--gUq_f2mqXPGsyQGMsynChDAZsBFAjlqFoixgRjY8MmIrzhp23Pg3glIYs3h_beDdS:1sQwV6:pPFrUyzd9jOg_XfkmS8Z5e4XOQ2sw-suW4EZcdWQgdw	2024-07-22 22:06:24.032985+00
jyvjzjpjy4tbdedjdckcav96tbaatsgn	.eJxVjMsOwiAQRf-FtSE8OjB16d5vIAMMUjU0Ke3K-O_apAvd3nPOfYlA21rD1nkJUxZnocXpd4uUHtx2kO_UbrNMc1uXKcpdkQft8jpnfl4O9--gUq_f2mqXPGsyQGMsynChDAZsBFAjlqFoixgRjY8MmIrzhp23Pg3glIYs3h_beDdS:1sTAGk:ivuFi7s69I-hpf5KkukflDNQWJvvuRtavGo3y1v6Eak	2024-07-29 01:12:46.152426+00
fm79dzv1yfvugi4r6yoetrw7l3fi4fjw	.eJxVjMsOwiAQRf-FtSE8OjB16d5vIAMMUjU0Ke3K-O_apAvd3nPOfYlA21rD1nkJUxZnocXpd4uUHtx2kO_UbrNMc1uXKcpdkQft8jpnfl4O9--gUq_f2mqXPGsyQGMsynChDAZsBFAjlqFoixgRjY8MmIrzhp23Pg3glIYs3h_beDdS:1sXdXO:eox7zQ48pfD8Om1qQuGVmlzBwSC9-70p2n6uhCJeK38	2024-08-10 09:16:26.158176+00
\.


--
-- Name: accounts_baseuser_groups_id_seq; Type: SEQUENCE SET; Schema: public; Owner: avnadmin
--

SELECT pg_catalog.setval('public.accounts_baseuser_groups_id_seq', 1, false);


--
-- Name: accounts_baseuser_id_seq; Type: SEQUENCE SET; Schema: public; Owner: avnadmin
--

SELECT pg_catalog.setval('public.accounts_baseuser_id_seq', 21, true);


--
-- Name: accounts_baseuser_user_permissions_id_seq; Type: SEQUENCE SET; Schema: public; Owner: avnadmin
--

SELECT pg_catalog.setval('public.accounts_baseuser_user_permissions_id_seq', 1, false);


--
-- Name: auth_group_id_seq; Type: SEQUENCE SET; Schema: public; Owner: avnadmin
--

SELECT pg_catalog.setval('public.auth_group_id_seq', 1, false);


--
-- Name: auth_group_permissions_id_seq; Type: SEQUENCE SET; Schema: public; Owner: avnadmin
--

SELECT pg_catalog.setval('public.auth_group_permissions_id_seq', 1, false);


--
-- Name: auth_permission_id_seq; Type: SEQUENCE SET; Schema: public; Owner: avnadmin
--

SELECT pg_catalog.setval('public.auth_permission_id_seq', 60, true);


--
-- Name: customers_address_id_seq; Type: SEQUENCE SET; Schema: public; Owner: avnadmin
--

SELECT pg_catalog.setval('public.customers_address_id_seq', 25, true);


--
-- Name: customers_customer_id_seq; Type: SEQUENCE SET; Schema: public; Owner: avnadmin
--

SELECT pg_catalog.setval('public.customers_customer_id_seq', 275, true);


--
-- Name: customers_customervalue_id_seq; Type: SEQUENCE SET; Schema: public; Owner: avnadmin
--

SELECT pg_catalog.setval('public.customers_customervalue_id_seq', 72, true);


--
-- Name: customers_mainvalue_id_seq; Type: SEQUENCE SET; Schema: public; Owner: avnadmin
--

SELECT pg_catalog.setval('public.customers_mainvalue_id_seq', 11, true);


--
-- Name: customers_notes_id_seq; Type: SEQUENCE SET; Schema: public; Owner: avnadmin
--

SELECT pg_catalog.setval('public.customers_notes_id_seq', 23, true);


--
-- Name: customers_record_id_seq; Type: SEQUENCE SET; Schema: public; Owner: avnadmin
--

SELECT pg_catalog.setval('public.customers_record_id_seq', 120, true);


--
-- Name: customers_version_id_seq; Type: SEQUENCE SET; Schema: public; Owner: avnadmin
--

SELECT pg_catalog.setval('public.customers_version_id_seq', 1, false);


--
-- Name: django_admin_log_id_seq; Type: SEQUENCE SET; Schema: public; Owner: avnadmin
--

SELECT pg_catalog.setval('public.django_admin_log_id_seq', 300, true);


--
-- Name: django_content_type_id_seq; Type: SEQUENCE SET; Schema: public; Owner: avnadmin
--

SELECT pg_catalog.setval('public.django_content_type_id_seq', 15, true);


--
-- Name: django_migrations_id_seq; Type: SEQUENCE SET; Schema: public; Owner: avnadmin
--

SELECT pg_catalog.setval('public.django_migrations_id_seq', 40, true);


--
-- Name: accounts_baseuser_groups accounts_baseuser_groups_baseuser_id_group_id_31bfb92b_uniq; Type: CONSTRAINT; Schema: public; Owner: avnadmin
--

ALTER TABLE ONLY public.accounts_baseuser_groups
    ADD CONSTRAINT accounts_baseuser_groups_baseuser_id_group_id_31bfb92b_uniq UNIQUE (baseuser_id, group_id);


--
-- Name: accounts_baseuser_groups accounts_baseuser_groups_pkey; Type: CONSTRAINT; Schema: public; Owner: avnadmin
--

ALTER TABLE ONLY public.accounts_baseuser_groups
    ADD CONSTRAINT accounts_baseuser_groups_pkey PRIMARY KEY (id);


--
-- Name: accounts_baseuser accounts_baseuser_pkey; Type: CONSTRAINT; Schema: public; Owner: avnadmin
--

ALTER TABLE ONLY public.accounts_baseuser
    ADD CONSTRAINT accounts_baseuser_pkey PRIMARY KEY (id);


--
-- Name: accounts_baseuser_user_permissions accounts_baseuser_user_p_baseuser_id_permission_i_16fc04b1_uniq; Type: CONSTRAINT; Schema: public; Owner: avnadmin
--

ALTER TABLE ONLY public.accounts_baseuser_user_permissions
    ADD CONSTRAINT accounts_baseuser_user_p_baseuser_id_permission_i_16fc04b1_uniq UNIQUE (baseuser_id, permission_id);


--
-- Name: accounts_baseuser_user_permissions accounts_baseuser_user_permissions_pkey; Type: CONSTRAINT; Schema: public; Owner: avnadmin
--

ALTER TABLE ONLY public.accounts_baseuser_user_permissions
    ADD CONSTRAINT accounts_baseuser_user_permissions_pkey PRIMARY KEY (id);


--
-- Name: accounts_baseuser accounts_baseuser_username_key; Type: CONSTRAINT; Schema: public; Owner: avnadmin
--

ALTER TABLE ONLY public.accounts_baseuser
    ADD CONSTRAINT accounts_baseuser_username_key UNIQUE (username);


--
-- Name: auth_group auth_group_name_key; Type: CONSTRAINT; Schema: public; Owner: avnadmin
--

ALTER TABLE ONLY public.auth_group
    ADD CONSTRAINT auth_group_name_key UNIQUE (name);


--
-- Name: auth_group_permissions auth_group_permissions_group_id_permission_id_0cd325b0_uniq; Type: CONSTRAINT; Schema: public; Owner: avnadmin
--

ALTER TABLE ONLY public.auth_group_permissions
    ADD CONSTRAINT auth_group_permissions_group_id_permission_id_0cd325b0_uniq UNIQUE (group_id, permission_id);


--
-- Name: auth_group_permissions auth_group_permissions_pkey; Type: CONSTRAINT; Schema: public; Owner: avnadmin
--

ALTER TABLE ONLY public.auth_group_permissions
    ADD CONSTRAINT auth_group_permissions_pkey PRIMARY KEY (id);


--
-- Name: auth_group auth_group_pkey; Type: CONSTRAINT; Schema: public; Owner: avnadmin
--

ALTER TABLE ONLY public.auth_group
    ADD CONSTRAINT auth_group_pkey PRIMARY KEY (id);


--
-- Name: auth_permission auth_permission_content_type_id_codename_01ab375a_uniq; Type: CONSTRAINT; Schema: public; Owner: avnadmin
--

ALTER TABLE ONLY public.auth_permission
    ADD CONSTRAINT auth_permission_content_type_id_codename_01ab375a_uniq UNIQUE (content_type_id, codename);


--
-- Name: auth_permission auth_permission_pkey; Type: CONSTRAINT; Schema: public; Owner: avnadmin
--

ALTER TABLE ONLY public.auth_permission
    ADD CONSTRAINT auth_permission_pkey PRIMARY KEY (id);


--
-- Name: authtoken_token authtoken_token_pkey; Type: CONSTRAINT; Schema: public; Owner: avnadmin
--

ALTER TABLE ONLY public.authtoken_token
    ADD CONSTRAINT authtoken_token_pkey PRIMARY KEY (key);


--
-- Name: authtoken_token authtoken_token_user_id_key; Type: CONSTRAINT; Schema: public; Owner: avnadmin
--

ALTER TABLE ONLY public.authtoken_token
    ADD CONSTRAINT authtoken_token_user_id_key UNIQUE (user_id);


--
-- Name: customers_address customers_address_area_d6fbe86a_uniq; Type: CONSTRAINT; Schema: public; Owner: avnadmin
--

ALTER TABLE ONLY public.customers_address
    ADD CONSTRAINT customers_address_area_d6fbe86a_uniq UNIQUE (area);


--
-- Name: customers_address customers_address_pkey; Type: CONSTRAINT; Schema: public; Owner: avnadmin
--

ALTER TABLE ONLY public.customers_address
    ADD CONSTRAINT customers_address_pkey PRIMARY KEY (id);


--
-- Name: customers_customer customers_customer_name_427cefae_uniq; Type: CONSTRAINT; Schema: public; Owner: avnadmin
--

ALTER TABLE ONLY public.customers_customer
    ADD CONSTRAINT customers_customer_name_427cefae_uniq UNIQUE (name);


--
-- Name: customers_customer customers_customer_pkey; Type: CONSTRAINT; Schema: public; Owner: avnadmin
--

ALTER TABLE ONLY public.customers_customer
    ADD CONSTRAINT customers_customer_pkey PRIMARY KEY (id);


--
-- Name: customers_customervalue customers_customervalue_customer_id_key; Type: CONSTRAINT; Schema: public; Owner: avnadmin
--

ALTER TABLE ONLY public.customers_customervalue
    ADD CONSTRAINT customers_customervalue_customer_id_key UNIQUE (customer_id);


--
-- Name: customers_customervalue customers_customervalue_pkey; Type: CONSTRAINT; Schema: public; Owner: avnadmin
--

ALTER TABLE ONLY public.customers_customervalue
    ADD CONSTRAINT customers_customervalue_pkey PRIMARY KEY (id);


--
-- Name: customers_mainvalue customers_mainvalue_pkey; Type: CONSTRAINT; Schema: public; Owner: avnadmin
--

ALTER TABLE ONLY public.customers_mainvalue
    ADD CONSTRAINT customers_mainvalue_pkey PRIMARY KEY (id);


--
-- Name: customers_notes customers_notes_pkey; Type: CONSTRAINT; Schema: public; Owner: avnadmin
--

ALTER TABLE ONLY public.customers_notes
    ADD CONSTRAINT customers_notes_pkey PRIMARY KEY (id);


--
-- Name: customers_record customers_record_pkey; Type: CONSTRAINT; Schema: public; Owner: avnadmin
--

ALTER TABLE ONLY public.customers_record
    ADD CONSTRAINT customers_record_pkey PRIMARY KEY (id);


--
-- Name: customers_version customers_version_pkey; Type: CONSTRAINT; Schema: public; Owner: avnadmin
--

ALTER TABLE ONLY public.customers_version
    ADD CONSTRAINT customers_version_pkey PRIMARY KEY (id);


--
-- Name: django_admin_log django_admin_log_pkey; Type: CONSTRAINT; Schema: public; Owner: avnadmin
--

ALTER TABLE ONLY public.django_admin_log
    ADD CONSTRAINT django_admin_log_pkey PRIMARY KEY (id);


--
-- Name: django_content_type django_content_type_app_label_model_76bd3d3b_uniq; Type: CONSTRAINT; Schema: public; Owner: avnadmin
--

ALTER TABLE ONLY public.django_content_type
    ADD CONSTRAINT django_content_type_app_label_model_76bd3d3b_uniq UNIQUE (app_label, model);


--
-- Name: django_content_type django_content_type_pkey; Type: CONSTRAINT; Schema: public; Owner: avnadmin
--

ALTER TABLE ONLY public.django_content_type
    ADD CONSTRAINT django_content_type_pkey PRIMARY KEY (id);


--
-- Name: django_migrations django_migrations_pkey; Type: CONSTRAINT; Schema: public; Owner: avnadmin
--

ALTER TABLE ONLY public.django_migrations
    ADD CONSTRAINT django_migrations_pkey PRIMARY KEY (id);


--
-- Name: django_session django_session_pkey; Type: CONSTRAINT; Schema: public; Owner: avnadmin
--

ALTER TABLE ONLY public.django_session
    ADD CONSTRAINT django_session_pkey PRIMARY KEY (session_key);


--
-- Name: accounts_baseuser_groups_baseuser_id_0354b26b; Type: INDEX; Schema: public; Owner: avnadmin
--

CREATE INDEX accounts_baseuser_groups_baseuser_id_0354b26b ON public.accounts_baseuser_groups USING btree (baseuser_id);


--
-- Name: accounts_baseuser_groups_group_id_e7e3aad3; Type: INDEX; Schema: public; Owner: avnadmin
--

CREATE INDEX accounts_baseuser_groups_group_id_e7e3aad3 ON public.accounts_baseuser_groups USING btree (group_id);


--
-- Name: accounts_baseuser_user_permissions_baseuser_id_85c7c8b0; Type: INDEX; Schema: public; Owner: avnadmin
--

CREATE INDEX accounts_baseuser_user_permissions_baseuser_id_85c7c8b0 ON public.accounts_baseuser_user_permissions USING btree (baseuser_id);


--
-- Name: accounts_baseuser_user_permissions_permission_id_c39d0f01; Type: INDEX; Schema: public; Owner: avnadmin
--

CREATE INDEX accounts_baseuser_user_permissions_permission_id_c39d0f01 ON public.accounts_baseuser_user_permissions USING btree (permission_id);


--
-- Name: accounts_baseuser_username_b2312d83_like; Type: INDEX; Schema: public; Owner: avnadmin
--

CREATE INDEX accounts_baseuser_username_b2312d83_like ON public.accounts_baseuser USING btree (username varchar_pattern_ops);


--
-- Name: auth_group_name_a6ea08ec_like; Type: INDEX; Schema: public; Owner: avnadmin
--

CREATE INDEX auth_group_name_a6ea08ec_like ON public.auth_group USING btree (name varchar_pattern_ops);


--
-- Name: auth_group_permissions_group_id_b120cbf9; Type: INDEX; Schema: public; Owner: avnadmin
--

CREATE INDEX auth_group_permissions_group_id_b120cbf9 ON public.auth_group_permissions USING btree (group_id);


--
-- Name: auth_group_permissions_permission_id_84c5c92e; Type: INDEX; Schema: public; Owner: avnadmin
--

CREATE INDEX auth_group_permissions_permission_id_84c5c92e ON public.auth_group_permissions USING btree (permission_id);


--
-- Name: auth_permission_content_type_id_2f476e4b; Type: INDEX; Schema: public; Owner: avnadmin
--

CREATE INDEX auth_permission_content_type_id_2f476e4b ON public.auth_permission USING btree (content_type_id);


--
-- Name: authtoken_token_key_10f0b77e_like; Type: INDEX; Schema: public; Owner: avnadmin
--

CREATE INDEX authtoken_token_key_10f0b77e_like ON public.authtoken_token USING btree (key varchar_pattern_ops);


--
-- Name: customers_address_area_d6fbe86a_like; Type: INDEX; Schema: public; Owner: avnadmin
--

CREATE INDEX customers_address_area_d6fbe86a_like ON public.customers_address USING btree (area varchar_pattern_ops);


--
-- Name: customers_customer_address_id_b81a3693; Type: INDEX; Schema: public; Owner: avnadmin
--

CREATE INDEX customers_customer_address_id_b81a3693 ON public.customers_customer USING btree (address_id);


--
-- Name: customers_customer_name_427cefae_like; Type: INDEX; Schema: public; Owner: avnadmin
--

CREATE INDEX customers_customer_name_427cefae_like ON public.customers_customer USING btree (name varchar_pattern_ops);


--
-- Name: customers_notes_customer_id_337c4496; Type: INDEX; Schema: public; Owner: avnadmin
--

CREATE INDEX customers_notes_customer_id_337c4496 ON public.customers_notes USING btree (customer_id);


--
-- Name: customers_record_collector_id_b996cbed; Type: INDEX; Schema: public; Owner: avnadmin
--

CREATE INDEX customers_record_collector_id_b996cbed ON public.customers_record USING btree (collector_id);


--
-- Name: customers_record_customer_id_a080d2b8; Type: INDEX; Schema: public; Owner: avnadmin
--

CREATE INDEX customers_record_customer_id_a080d2b8 ON public.customers_record USING btree (customer_id);


--
-- Name: django_admin_log_content_type_id_c4bce8eb; Type: INDEX; Schema: public; Owner: avnadmin
--

CREATE INDEX django_admin_log_content_type_id_c4bce8eb ON public.django_admin_log USING btree (content_type_id);


--
-- Name: django_admin_log_user_id_c564eba6; Type: INDEX; Schema: public; Owner: avnadmin
--

CREATE INDEX django_admin_log_user_id_c564eba6 ON public.django_admin_log USING btree (user_id);


--
-- Name: django_session_expire_date_a5c62663; Type: INDEX; Schema: public; Owner: avnadmin
--

CREATE INDEX django_session_expire_date_a5c62663 ON public.django_session USING btree (expire_date);


--
-- Name: django_session_session_key_c0390e0f_like; Type: INDEX; Schema: public; Owner: avnadmin
--

CREATE INDEX django_session_session_key_c0390e0f_like ON public.django_session USING btree (session_key varchar_pattern_ops);


--
-- Name: accounts_baseuser_groups accounts_baseuser_gr_baseuser_id_0354b26b_fk_accounts_; Type: FK CONSTRAINT; Schema: public; Owner: avnadmin
--

ALTER TABLE ONLY public.accounts_baseuser_groups
    ADD CONSTRAINT accounts_baseuser_gr_baseuser_id_0354b26b_fk_accounts_ FOREIGN KEY (baseuser_id) REFERENCES public.accounts_baseuser(id) DEFERRABLE INITIALLY DEFERRED;


--
-- Name: accounts_baseuser_groups accounts_baseuser_groups_group_id_e7e3aad3_fk_auth_group_id; Type: FK CONSTRAINT; Schema: public; Owner: avnadmin
--

ALTER TABLE ONLY public.accounts_baseuser_groups
    ADD CONSTRAINT accounts_baseuser_groups_group_id_e7e3aad3_fk_auth_group_id FOREIGN KEY (group_id) REFERENCES public.auth_group(id) DEFERRABLE INITIALLY DEFERRED;


--
-- Name: accounts_baseuser_user_permissions accounts_baseuser_us_baseuser_id_85c7c8b0_fk_accounts_; Type: FK CONSTRAINT; Schema: public; Owner: avnadmin
--

ALTER TABLE ONLY public.accounts_baseuser_user_permissions
    ADD CONSTRAINT accounts_baseuser_us_baseuser_id_85c7c8b0_fk_accounts_ FOREIGN KEY (baseuser_id) REFERENCES public.accounts_baseuser(id) DEFERRABLE INITIALLY DEFERRED;


--
-- Name: accounts_baseuser_user_permissions accounts_baseuser_us_permission_id_c39d0f01_fk_auth_perm; Type: FK CONSTRAINT; Schema: public; Owner: avnadmin
--

ALTER TABLE ONLY public.accounts_baseuser_user_permissions
    ADD CONSTRAINT accounts_baseuser_us_permission_id_c39d0f01_fk_auth_perm FOREIGN KEY (permission_id) REFERENCES public.auth_permission(id) DEFERRABLE INITIALLY DEFERRED;


--
-- Name: auth_group_permissions auth_group_permissio_permission_id_84c5c92e_fk_auth_perm; Type: FK CONSTRAINT; Schema: public; Owner: avnadmin
--

ALTER TABLE ONLY public.auth_group_permissions
    ADD CONSTRAINT auth_group_permissio_permission_id_84c5c92e_fk_auth_perm FOREIGN KEY (permission_id) REFERENCES public.auth_permission(id) DEFERRABLE INITIALLY DEFERRED;


--
-- Name: auth_group_permissions auth_group_permissions_group_id_b120cbf9_fk_auth_group_id; Type: FK CONSTRAINT; Schema: public; Owner: avnadmin
--

ALTER TABLE ONLY public.auth_group_permissions
    ADD CONSTRAINT auth_group_permissions_group_id_b120cbf9_fk_auth_group_id FOREIGN KEY (group_id) REFERENCES public.auth_group(id) DEFERRABLE INITIALLY DEFERRED;


--
-- Name: auth_permission auth_permission_content_type_id_2f476e4b_fk_django_co; Type: FK CONSTRAINT; Schema: public; Owner: avnadmin
--

ALTER TABLE ONLY public.auth_permission
    ADD CONSTRAINT auth_permission_content_type_id_2f476e4b_fk_django_co FOREIGN KEY (content_type_id) REFERENCES public.django_content_type(id) DEFERRABLE INITIALLY DEFERRED;


--
-- Name: authtoken_token authtoken_token_user_id_35299eff_fk_accounts_baseuser_id; Type: FK CONSTRAINT; Schema: public; Owner: avnadmin
--

ALTER TABLE ONLY public.authtoken_token
    ADD CONSTRAINT authtoken_token_user_id_35299eff_fk_accounts_baseuser_id FOREIGN KEY (user_id) REFERENCES public.accounts_baseuser(id) DEFERRABLE INITIALLY DEFERRED;


--
-- Name: customers_customer customers_customer_address_id_b81a3693_fk_customers_address_id; Type: FK CONSTRAINT; Schema: public; Owner: avnadmin
--

ALTER TABLE ONLY public.customers_customer
    ADD CONSTRAINT customers_customer_address_id_b81a3693_fk_customers_address_id FOREIGN KEY (address_id) REFERENCES public.customers_address(id) DEFERRABLE INITIALLY DEFERRED;


--
-- Name: customers_customervalue customers_customerva_customer_id_771bb363_fk_customers; Type: FK CONSTRAINT; Schema: public; Owner: avnadmin
--

ALTER TABLE ONLY public.customers_customervalue
    ADD CONSTRAINT customers_customerva_customer_id_771bb363_fk_customers FOREIGN KEY (customer_id) REFERENCES public.customers_customer(id) DEFERRABLE INITIALLY DEFERRED;


--
-- Name: customers_notes customers_notes_customer_id_337c4496_fk_customers_customer_id; Type: FK CONSTRAINT; Schema: public; Owner: avnadmin
--

ALTER TABLE ONLY public.customers_notes
    ADD CONSTRAINT customers_notes_customer_id_337c4496_fk_customers_customer_id FOREIGN KEY (customer_id) REFERENCES public.customers_customer(id) DEFERRABLE INITIALLY DEFERRED;


--
-- Name: customers_record customers_record_collector_id_b996cbed_fk_accounts_baseuser_id; Type: FK CONSTRAINT; Schema: public; Owner: avnadmin
--

ALTER TABLE ONLY public.customers_record
    ADD CONSTRAINT customers_record_collector_id_b996cbed_fk_accounts_baseuser_id FOREIGN KEY (collector_id) REFERENCES public.accounts_baseuser(id) DEFERRABLE INITIALLY DEFERRED;


--
-- Name: customers_record customers_record_customer_id_a080d2b8_fk_customers_customer_id; Type: FK CONSTRAINT; Schema: public; Owner: avnadmin
--

ALTER TABLE ONLY public.customers_record
    ADD CONSTRAINT customers_record_customer_id_a080d2b8_fk_customers_customer_id FOREIGN KEY (customer_id) REFERENCES public.customers_customer(id) DEFERRABLE INITIALLY DEFERRED;


--
-- Name: django_admin_log django_admin_log_content_type_id_c4bce8eb_fk_django_co; Type: FK CONSTRAINT; Schema: public; Owner: avnadmin
--

ALTER TABLE ONLY public.django_admin_log
    ADD CONSTRAINT django_admin_log_content_type_id_c4bce8eb_fk_django_co FOREIGN KEY (content_type_id) REFERENCES public.django_content_type(id) DEFERRABLE INITIALLY DEFERRED;


--
-- Name: django_admin_log django_admin_log_user_id_c564eba6_fk_accounts_baseuser_id; Type: FK CONSTRAINT; Schema: public; Owner: avnadmin
--

ALTER TABLE ONLY public.django_admin_log
    ADD CONSTRAINT django_admin_log_user_id_c564eba6_fk_accounts_baseuser_id FOREIGN KEY (user_id) REFERENCES public.accounts_baseuser(id) DEFERRABLE INITIALLY DEFERRED;


--
-- PostgreSQL database dump complete
--

